src,dst
0,345
0,436
0,291
0,304
0,87
0,38
0,152
0,195
1,276
1,131
1,113
1,666
1,10
1,615
1,500
2,160
2,921
2,123
2,394
2,964
2,115
2,78
3,442
3,983
3,580
3,842
3,215
3,979
3,513
3,594
4,291
4,925
4,38
4,552
4,745
4,895
4,727
4,606
5,433
5,274
5,575
5,495
5,151
5,56
5,9
5,435
6,179
6,625
6,72
6,121
6,618
6,546
6,472
7,531
7,984
7,387
7,95
7,371
7,339
7,341
8,543
8,9
8,43
8,686
8,226
8,669
8,823
8,601
9,508
9,871
9,993
9,598
9,196
9,808
9,119
9,525
10,549
10,108
10,910
10,911
10,679
10,647
10,615
11,536
11,736
11,236
11,957
11,244
11,212
11,426
11,593
12,598
12,374
12,934
12,480
12,331
12,774
12,235
12,676
13,32
13,421
13,750
13,38
13,980
13,406
13,954
13,536
14,995
14,815
14,877
14,448
14,751
14,511
14,263
14,621
15,229
15,309
15,731
15,387
15,371
15,528
15,260
15,341
16,975
16,247
16,503
16,318
16,453
16,305
16,404
16,502
17,34
17,180
17,642
17,715
17,97
17,549
17,588
18,289
18,180
18,840
18,888
18,397
18,217
18,247
18,22
19,655
19,221
19,564
19,55
19,343
19,106
19,391
19,925
20,545
20,904
20,270
20,605
20,88
20,11
20,424
20,661
21,733
21,704
21,741
21,52
21,92
21,196
21,323
21,165
22,86
22,195
22,290
22,389
22,805
22,555
22,18
22,680
23,735
23,503
23,636
23,6
23,72
23,355
23,576
23,948
24,390
24,146
24,349
24,532
24,11
24,587
24,88
24,990
25,955
25,959
25,722
25,373
25,57
25,527
25,398
25,80
26,627
26,104
26,633
26,919
26,574
26,137
26,197
26,144
27,911
27,546
27,58
27,270
27,169
27,146
27,342
28,440
28,620
28,758
28,594
28,876
28,111
28,516
28,768
29,828
29,971
29,556
29,802
29,626
29,862
29,875
29,826
30,240
30,632
30,794
30,253
30,347
30,287
30,417
30,477
31,846
31,212
31,352
31,61
31,343
31,651
31,505
32,276
32,975
32,947
32,218
32,305
32,821
32,394
32,97
33,596
33,549
33,175
33,53
33,641
33,276
33,168
34,514
34,17
34,170
34,114
34,849
34,390
34,247
35,887
35,504
35,989
35,977
35,959
35,970
35,56
35,563
36,734
36,996
36,972
36,240
36,417
36,981
36,779
37,463
37,920
37,184
37,371
37,172
37,704
37,754
37,7
38,636
38,218
38,25
38,918
38,910
38,625
38,898
38,911
39,640
39,844
39,547
39,865
39,191
39,809
39,800
39,996
40,20
40,26
40,981
40,513
40,482
40,972
40,456
40,604
41,830
41,523
41,766
41,87
41,963
41,144
41,470
41,635
42,855
42,356
42,256
42,185
42,259
42,93
42,336
43,442
43,594
43,516
43,464
43,356
43,855
43,13
43,939
44,672
44,808
44,965
44,995
44,184
44,165
44,374
44,968
45,571
45,391
45,854
45,38
45,533
45,674
45,221
45,291
46,421
46,750
46,792
46,12
46,195
46,966
46,230
47,709
47,296
47,777
47,323
47,374
47,681
47,934
47,174
48,777
48,508
48,323
48,917
48,40
48,741
48,528
48,582
49,968
49,531
49,174
49,281
49,224
49,917
49,860
49,599
50,855
50,886
50,513
50,572
50,464
50,519
50,699
51,993
51,224
51,712
51,293
51,733
51,331
51,242
51,222
52,25
52,647
52,869
52,115
52,218
52,305
52,921
52,637
53,641
53,135
53,587
53,723
53,33
53,113
53,911
54,212
54,236
54,538
54,389
54,602
54,957
54,913
54,421
55,313
55,233
55,373
55,906
55,556
55,410
55,41
55,330
56,88
56,181
56,186
56,545
56,217
56,37
56,661
56,643
57,745
57,501
57,738
57,38
57,607
57,87
57,980
57,727
58,727
58,957
58,854
58,571
58,810
58,577
58,540
58,236
59,604
59,905
59,162
59,294
59,580
59,611
59,110
60,444
60,862
60,99
60,955
60,693
60,759
60,167
60,529
61,829
61,464
61,213
61,356
61,697
61,788
61,307
61,855
62,337
62,109
62,465
62,32
62,5
62,536
62,953
62,291
63,107
63,325
63,144
63,176
63,957
63,230
63,152
63,980
64,760
64,769
64,537
64,950
64,653
64,542
64,828
64,45
65,569
65,624
65,702
65,544
65,746
65,53
65,123
66,940
66,408
66,535
66,492
66,653
66,558
66,755
67,110
67,361
67,939
67,620
67,332
67,905
67,494
67,718
68,572
68,638
68,834
68,848
68,604
68,185
68,183
68,482
69,291
69,436
69,728
69,925
69,85
69,861
69,966
70,277
70,996
70,972
70,667
70,149
70,93
70,608
70,496
71,532
71,452
71,25
71,715
71,179
71,10
71,625
72,634
72,214
72,620
72,23
72,594
72,266
72,332
72,638
73,611
73,188
73,277
73,251
73,781
73,159
73,44
73,787
74,271
74,658
74,144
74,957
74,212
74,966
74,600
74,738
75,292
75,179
75,90
75,514
75,298
75,97
75,22
75,289
76,421
76,593
76,925
76,38
76,792
76,980
76,600
76,766
77,61
77,460
77,38
77,571
77,55
77,465
77,980
77,501
78,394
78,217
78,729
78,657
78,397
78,346
78,893
79,733
79,872
79,785
79,497
79,881
79,242
79,82
79,94
80,444
80,537
80,942
80,433
80,57
80,950
80,971
81,671
81,246
81,831
81,324
81,433
81,970
81,887
82,444
82,74
82,475
82,585
82,493
82,802
82,45
82,79
83,687
83,511
83,559
83,320
83,816
83,184
83,386
83,194
84,813
84,864
84,427
84,474
84,702
84,217
84,270
85,375
85,880
85,9
85,126
85,43
85,730
85,802
85,585
86,897
86,789
86,712
86,82
86,652
86,817
86,528
86,899
87,38
87,365
87,291
87,436
87,830
87,137
87,874
88,329
88,471
88,752
88,125
88,669
88,79
88,133
88,56
89,585
89,257
89,102
89,459
89,265
89,447
89,295
90,549
90,355
90,978
90,338
90,147
90,569
90,723
91,801
91,38
91,861
91,577
91,501
91,478
91,144
91,465
92,371
92,229
92,598
92,77
92,466
92,508
92,731
93,676
93,231
93,331
93,733
93,860
93,783
93,196
93,402
94,50
94,939
94,794
94,855
94,597
94,241
94,836
94,932
95,7
95,484
95,675
95,790
95,371
95,263
95,16
96,405
96,356
96,294
96,944
96,419
96,632
96,178
96,110
97,783
97,598
97,965
97,774
97,481
97,77
97,945
97,897
98,346
98,657
98,114
98,218
98,898
98,285
98,88
98,624
99,713
99,465
99,87
99,38
99,867
99,874
99,677
99,343
100,581
100,38
100,12
100,269
100,830
100,291
100,87
100,365
101,501
101,766
101,269
101,607
101,523
101,738
101,479
101,688
102,713
102,70
102,38
102,925
102,470
102,152
102,460
102,87
103,623
103,469
103,695
103,753
103,310
103,27
103,342
103,318
104,673
104,965
104,774
104,386
104,934
104,860
104,782
104,872
105,306
105,7
105,663
105,815
105,969
105,161
105,724
105,486
106,310
106,53
106,723
106,88
106,546
106,549
106,33
106,90
107,464
107,110
107,521
107,999
107,905
107,747
107,20
107,689
108,615
108,10
108,545
108,866
108,209
108,179
108,719
109,611
109,758
109,361
109,456
109,253
109,266
109,943
109,110
110,173
110,390
110,642
110,583
110,146
110,394
110,317
110,746
111,618
111,298
111,918
111,338
111,639
111,179
111,657
111,289
112,307
112,23
112,361
112,580
112,638
112,829
112,739
112,134
113,881
113,177
113,94
113,395
113,687
113,393
113,578
113,877
114,750
114,152
114,105
114,98
114,674
114,334
114,61
114,873
115,756
115,73
115,851
115,449
115,190
115,451
115,43
115,126
116,152
116,421
116,852
116,197
116,728
116,873
116,633
116,344
117,862
117,316
117,585
117,831
117,973
117,891
117,264
117,802
118,934
118,386
118,709
118,553
118,393
118,445
118,341
118,646
119,698
119,26
119,662
119,456
119,855
119,241
119,594
119,8
120,355
120,121
120,180
120,546
120,160
120,262
120,679
120,517
121,505
121,221
121,963
121,863
121,136
121,867
121,478
121,564
122,891
122,752
122,367
122,120
122,492
122,43
122,693
122,353
123,964
123,490
123,549
123,661
123,289
123,746
123,97
124,907
124,419
124,303
124,836
124,855
124,670
124,20
124,865
125,844
125,513
125,763
125,140
125,943
125,48
125,50
125,266
126,405
126,718
126,225
126,900
126,612
126,464
126,739
126,185
127,278
127,405
127,855
127,140
127,933
127,213
127,594
127,912
128,572
128,987
128,979
128,768
128,188
128,442
128,50
128,163
129,276
129,587
129,53
129,921
129,127
129,114
129,961
130,458
130,305
130,261
130,507
130,218
130,114
130,753
130,517
131,536
131,38
131,87
131,966
131,98
131,736
131,139
131,609
132,134
132,188
132,519
132,240
132,14
132,253
132,8
132,698
133,445
133,872
133,965
133,306
133,374
133,652
133,286
133,82
134,583
134,209
134,10
134,298
134,661
134,317
134,218
134,514
135,699
135,518
135,13
135,604
135,907
135,834
135,482
135,597
136,278
136,757
136,336
136,442
136,419
136,983
136,836
136,284
137,87
137,308
137,197
137,478
137,203
137,927
137,658
138,841
138,415
138,880
138,802
138,824
138,79
138,246
138,489
139,371
139,515
139,777
139,229
139,646
139,675
139,761
139,248
140,709
140,172
140,508
140,733
140,511
140,871
140,879
140,92
141,217
141,964
141,746
141,569
141,78
141,509
141,487
141,514
142,618
142,2
142,813
142,179
142,272
142,625
142,217
142,209
143,110
143,336
143,50
143,612
143,20
143,855
143,464
144,471
144,74
144,410
144,187
144,558
144,133
144,41
144,288
145,825
145,855
145,670
145,23
145,405
145,939
145,650
145,301
146,489
146,548
146,535
146,760
146,802
146,116
146,398
146,977
147,132
147,436
147,581
147,365
147,890
147,112
147,391
147,38
148,185
148,983
148,26
148,141
148,333
148,604
148,539
148,794
149,293
149,743
149,754
149,196
149,4
149,897
149,798
149,177
150,998
150,569
150,643
150,641
150,390
150,6
150,866
150,319
151,45
151,802
151,384
151,669
151,433
151,894
151,418
152,426
152,87
152,536
152,345
152,344
152,627
152,708
153,190
153,56
153,887
153,357
153,683
153,841
153,444
153,970
154,390
154,319
154,643
154,628
154,941
154,249
154,546
154,998
155,738
155,501
155,505
155,203
155,343
155,38
155,109
155,436
156,805
156,450
156,112
156,710
156,32
156,738
156,680
157,436
157,874
157,957
157,291
157,633
157,677
157,87
157,325
158,357
158,617
158,906
158,542
158,457
158,797
158,838
158,369
159,841
159,190
159,567
159,45
159,959
159,831
159,56
159,255
160,766
160,792
160,966
160,867
160,391
160,919
160,564
160,533
161,921
161,205
161,588
161,124
161,644
161,458
161,517
161,924
162,627
162,334
162,533
162,555
162,391
162,197
162,526
162,132
163,38
163,890
163,745
163,728
163,501
163,956
163,87
163,128
164,88
164,261
164,636
164,678
164,425
164,390
164,160
164,147
165,586
165,3
165,729
165,115
165,249
165,261
165,247
165,146
166,384
166,894
166,264
166,756
166,447
166,324
166,43
166,613
167,849
167,292
167,2
167,394
167,276
167,383
167,569
167,113
168,89
168,43
168,267
168,971
168,585
168,116
168,567
168,802
169,266
169,347
169,328
169,50
169,844
169,158
169,251
169,886
170,749
170,235
170,386
170,194
170,92
170,387
170,860
170,155
171,597
171,518
171,252
171,703
171,996
171,974
171,198
172,184
172,194
172,817
172,463
172,599
172,528
172,448
173,815
173,782
173,312
173,554
173,960
173,733
173,709
173,877
174,171
174,518
174,252
174,597
174,93
174,188
174,13
174,50
175,609
175,325
175,230
175,538
175,658
175,956
175,195
175,67
176,690
176,757
176,13
176,855
176,513
176,198
176,928
176,347
177,400
177,785
177,94
177,196
177,881
177,598
177,323
178,15
178,146
178,160
178,270
178,71
178,746
178,546
178,623
179,979
179,855
179,442
179,50
179,284
179,266
179,734
179,932
180,14
180,758
180,594
180,13
180,632
180,198
180,516
180,794
181,290
181,901
181,738
181,137
181,5
181,478
181,713
181,144
182,786
182,925
182,18
182,38
182,966
182,290
182,708
183,770
183,704
183,525
183,82
183,381
183,94
183,508
183,286
184,123
184,147
184,978
184,37
184,88
184,115
184,355
184,2
185,148
185,528
185,312
185,733
185,184
185,194
185,872
185,860
186,661
186,753
186,893
186,342
186,168
186,474
186,623
187,687
187,872
187,877
187,881
187,646
187,528
187,395
187,672
188,861
188,919
188,740
188,195
188,128
188,505
188,122
188,609
189,779
189,855
189,13
189,456
189,191
189,640
189,812
189,885
190,783
190,676
190,816
190,881
190,94
190,510
190,161
190,358
191,271
191,38
191,365
191,533
191,476
191,957
191,846
191,966
192,977
192,534
192,433
192,41
192,601
192,795
192,826
193,802
193,567
193,585
193,660
193,330
193,592
193,79
193,234
194,170
194,517
194,978
194,285
194,276
194,947
194,735
194,37
195,709
195,965
195,931
195,860
195,741
195,598
195,281
195,165
196,620
196,521
196,198
196,464
196,547
196,594
196,356
196,111
197,286
197,381
197,877
197,511
197,675
197,872
197,603
197,879
198,457
198,204
198,409
198,760
198,601
198,190
198,407
198,537
199,112
199,290
199,980
199,212
199,389
199,86
199,136
199,651
200,356
200,667
200,638
200,513
200,216
200,417
200,972
200,807
201,738
201,873
201,195
201,538
201,144
201,609
201,308
201,571
202,985
202,502
202,469
202,11
202,821
202,249
202,990
202,625
203,471
203,410
203,264
203,133
203,535
203,288
203,959
203,891
204,536
204,677
204,411
204,854
204,378
204,956
204,786
204,919
205,13
205,464
205,836
205,214
205,939
205,134
205,48
205,689
206,585
206,226
206,420
206,955
206,537
206,444
206,199
206,133
207,835
207,90
207,113
207,695
207,394
207,964
207,799
207,998
208,957
208,38
208,863
208,593
208,963
208,182
208,55
208,136
209,134
209,162
209,496
209,277
209,547
209,640
209,996
209,812
210,399
210,542
210,714
210,444
210,376
210,492
210,707
211,509
211,641
211,908
211,500
211,65
211,262
211,279
211,624
212,54
212,266
212,594
212,634
212,356
212,670
212,604
212,747
213,397
213,22
213,180
213,888
213,127
213,209
213,181
213,910
214,85
214,957
214,230
214,389
214,250
214,980
214,738
214,104
215,43
215,226
215,613
215,841
215,955
215,722
215,360
215,601
216,646
216,138
216,860
216,774
216,263
216,687
216,77
216,189
217,471
217,543
217,887
217,422
217,201
217,669
217,971
217,435
218,146
218,305
218,647
218,366
218,289
218,975
218,209
219,429
219,216
219,134
219,159
219,336
219,987
219,608
219,496
220,404
220,666
220,349
220,679
220,15
220,921
220,11
220,127
221,594
221,987
221,251
221,848
221,23
221,356
221,51
221,266
222,387
222,348
222,993
222,508
222,881
222,82
222,817
223,983
223,662
223,23
223,163
223,640
223,844
223,297
223,513
224,855
224,13
224,51
224,356
224,987
224,640
224,939
224,299
225,390
225,350
225,715
225,118
225,647
225,170
225,173
225,921
226,623
226,772
226,532
226,507
226,641
226,270
226,715
226,474
227,263
227,372
227,551
227,95
227,733
227,293
227,189
227,815
228,574
228,873
228,478
228,67
228,748
228,668
228,635
229,390
229,127
229,679
229,15
229,147
229,397
229,11
229,490
230,214
230,983
230,855
230,662
230,513
230,604
230,50
230,464
231,445
231,323
231,194
231,993
231,393
231,402
231,968
232,207
232,307
232,932
232,377
232,734
232,768
232,886
232,620
233,848
233,905
233,483
233,689
233,594
233,516
233,638
233,513
234,152
234,337
234,29
234,748
234,421
234,925
234,873
234,436
235,914
235,930
235,783
235,598
235,194
235,52
235,211
236,950
236,802
236,977
236,493
236,760
236,43
236,537
236,264
237,139
237,536
237,244
237,873
237,86
237,308
237,861
237,606
238,571
238,291
238,236
238,854
238,655
238,391
238,577
239,265
239,433
239,686
239,562
239,671
239,989
239,601
239,330
240,345
240,470
240,321
240,854
240,963
240,87
240,957
240,436
241,500
241,964
241,53
241,170
241,746
241,641
241,911
241,335
242,13
242,42
242,781
242,356
242,198
242,878
242,757
242,220
243,325
243,136
243,38
243,957
243,727
243,87
243,738
243,291
244,625
244,821
244,11
244,205
244,586
244,679
244,438
244,549
245,15
245,679
245,545
245,113
245,772
245,135
245,715
245,205
246,264
246,423
246,81
246,187
246,756
246,991
246,989
247,503
247,514
247,625
247,34
247,615
247,179
247,910
248,145
248,988
248,893
248,544
248,569
248,998
248,452
248,270
249,434
249,929
249,40
249,897
249,508
249,673
249,480
249,258
250,743
250,323
250,783
250,235
250,231
250,393
250,302
250,402
251,172
251,463
251,917
251,598
251,196
251,675
251,184
251,508
252,716
252,151
252,631
252,601
252,802
252,433
252,891
252,780
253,15
253,317
253,719
253,642
253,911
253,849
253,131
253,218
254,732
254,632
254,944
254,670
254,225
254,739
254,516
254,251
255,327
255,932
255,912
255,141
255,159
255,307
255,213
255,572
256,336
256,597
256,185
256,259
256,252
256,141
256,44
257,400
257,969
257,754
257,371
257,416
257,286
257,263
257,372
258,916
258,923
258,482
258,100
258,134
258,781
258,216
258,885
259,569
259,985
259,15
259,298
259,678
259,113
259,978
259,53
260,321
260,436
260,658
260,740
260,745
260,197
260,505
260,106
261,494
261,763
261,50
261,662
261,611
261,442
261,829
261,513
262,848
262,403
262,23
262,900
262,812
262,13
262,482
262,134
263,227
263,41
263,891
263,828
263,264
263,971
263,527
263,471
264,453
264,318
264,34
264,404
264,170
264,641
264,715
264,623
265,316
265,433
265,558
265,938
265,802
265,459
265,226
266,594
266,54
266,634
266,923
266,328
266,356
266,580
267,22
267,168
267,685
267,605
267,641
267,118
267,679
267,517
268,34
268,490
268,319
268,469
268,723
268,390
268,2
268,746
269,802
269,845
269,722
269,471
269,101
269,955
269,79
269,80
270,266
270,634
270,456
270,347
270,214
270,20
270,999
270,734
271,191
271,836
271,855
271,778
271,597
271,820
271,442
271,570
272,709
272,965
272,960
272,484
272,774
272,82
272,92
272,860
273,344
273,658
273,538
273,87
273,308
273,721
273,197
273,345
274,528
274,881
274,993
274,293
274,652
274,242
274,877
274,28
275,376
275,537
275,73
275,167
275,529
275,971
275,767
275,851
276,514
276,615
276,129
276,113
276,58
276,924
276,396
277,257
277,102
277,891
277,656
277,190
277,451
277,73
277,227
278,71
278,719
278,127
278,869
278,921
278,25
278,452
278,453
279,205
279,715
279,123
279,967
279,124
279,735
279,97
280,401
280,624
280,472
280,490
280,346
280,625
280,65
280,948
281,438
281,596
281,586
281,33
281,545
281,618
281,821
281,819
282,797
282,457
282,989
282,288
282,246
282,563
282,41
282,617
283,356
283,634
283,690
283,110
283,829
283,594
283,768
284,623
284,179
284,723
284,53
284,317
284,618
284,911
284,835
285,898
285,469
285,719
285,124
285,588
285,88
285,947
286,750
286,197
286,137
286,658
286,980
286,290
286,38
286,927
287,660
287,527
287,537
287,433
287,760
287,367
287,797
287,937
288,544
288,65
288,569
288,310
288,88
288,27
288,911
288,605
289,412
289,683
289,369
289,295
289,257
289,567
289,887
289,415
290,286
290,681
290,646
290,872
290,229
290,897
290,248
290,774
291,328
291,779
291,825
291,572
291,664
291,336
291,701
291,220
292,196
292,60
292,783
292,275
292,293
292,177
292,528
292,306
293,90
293,502
293,869
293,292
293,452
293,573
293,569
293,383
294,306
294,860
294,268
294,486
294,77
294,248
294,323
294,371
295,439
295,619
295,970
295,955
295,722
295,79
295,797
296,829
296,188
296,825
296,807
296,939
296,773
296,23
296,518
297,618
297,319
297,918
297,685
297,390
297,22
297,765
297,209
298,618
298,893
298,978
298,975
298,723
298,209
298,53
299,421
299,792
299,627
299,38
299,710
299,212
299,651
299,197
300,82
300,528
300,712
300,741
300,229
300,393
300,899
300,598
301,571
301,391
301,238
301,325
301,555
301,436
301,651
301,337
302,679
302,639
302,474
302,625
302,546
302,84
302,401
302,10
303,346
303,624
303,514
303,217
303,124
303,84
303,641
303,319
304,423
304,410
304,831
304,730
304,126
304,412
304,422
304,542
305,394
305,173
305,218
305,338
305,921
305,918
305,170
306,918
306,394
306,679
306,209
306,910
306,625
306,474
306,583
307,898
307,910
307,22
307,209
307,310
307,636
307,458
307,1
308,536
308,197
308,139
308,195
308,997
308,132
308,609
309,708
309,406
309,555
309,478
309,560
309,290
309,107
309,577
310,12
310,106
310,505
310,740
310,197
310,436
310,55
310,658
311,887
311,617
311,457
311,660
311,529
311,714
311,542
311,255
312,723
312,123
312,964
312,173
312,637
312,647
312,657
312,978
313,733
313,385
313,782
313,879
313,286
313,371
313,486
313,372
314,509
314,390
314,908
314,88
314,746
314,401
314,319
314,618
315,932
315,193
315,632
315,93
315,252
315,776
315,110
315,758
316,982
316,38
316,635
316,98
316,533
316,713
316,87
316,436
317,146
317,88
317,625
317,546
317,623
317,864
317,58
318,264
318,489
318,938
318,43
318,246
318,756
318,103
318,771
319,566
319,116
319,991
319,243
319,375
319,992
319,970
319,422
320,928
320,50
320,198
320,737
320,240
320,734
320,287
320,996
321,15
321,173
321,350
321,170
321,335
321,317
321,911
321,702
322,393
322,512
322,598
322,551
322,931
322,803
322,929
322,590
323,923
323,252
323,999
323,912
323,134
323,905
323,932
323,933
324,484
324,790
324,196
324,231
324,94
324,393
324,931
324,684
325,357
325,243
325,797
325,410
325,567
325,617
325,232
325,495
326,618
326,625
326,179
326,583
326,404
326,270
326,517
326,918
327,255
327,81
327,556
327,422
327,802
327,79
327,467
327,537
328,4
328,598
328,235
328,733
328,326
328,138
328,374
328,741
329,802
329,373
329,41
329,420
329,79
329,413
329,489
330,460
330,478
330,38
330,935
330,250
330,593
330,581
330,104
331,385
331,803
331,194
331,231
331,598
331,172
331,434
332,286
332,94
332,652
332,785
332,568
332,400
332,993
332,320
333,635
333,98
333,581
333,87
333,560
333,104
333,156
333,343
334,384
334,567
334,492
334,631
334,654
334,357
334,838
334,449
335,116
335,693
335,760
335,384
335,970
335,946
335,838
335,716
336,664
336,256
336,93
336,143
336,50
336,185
336,51
337,620
337,902
337,939
337,301
337,266
337,825
337,23
337,287
338,840
338,918
338,947
338,618
338,305
338,394
338,735
339,311
339,503
339,618
339,910
339,615
339,247
339,404
339,179
340,719
340,618
340,615
340,218
340,657
340,209
340,921
340,898
341,597
341,974
341,171
341,638
341,278
341,800
341,939
341,994
342,594
342,773
342,834
342,604
342,907
342,885
342,516
342,916
343,332
343,198
343,521
343,547
343,855
343,928
343,912
343,93
344,488
344,24
344,855
344,773
344,356
344,456
344,266
344,793
345,500
345,427
345,346
345,615
345,78
345,715
345,390
345,1
346,451
346,693
346,802
346,601
346,433
346,962
346,562
346,43
347,638
347,737
347,287
347,240
347,905
347,278
347,429
348,537
348,369
348,246
348,756
348,541
348,187
348,755
348,527
349,950
349,585
349,802
349,444
349,126
349,619
349,300
349,412
350,560
350,321
350,197
350,505
350,874
350,721
350,389
350,107
351,330
351,802
351,653
351,585
351,133
351,444
351,619
351,797
352,324
352,631
352,756
352,601
352,422
352,384
352,937
352,823
353,86
353,122
353,564
353,861
353,426
353,555
353,847
353,956
354,599
354,582
354,860
354,263
354,803
354,400
354,673
354,416
355,879
355,448
355,385
355,511
355,598
355,881
355,82
355,381
356,625
356,146
356,587
356,71
356,64
356,390
356,33
356,576
357,94
357,733
357,161
357,917
357,508
357,783
357,881
357,82
358,419
358,297
358,757
358,13
358,356
358,283
358,788
358,405
359,190
359,940
359,233
359,410
359,537
359,202
359,971
359,631
360,710
360,801
360,846
360,344
360,432
360,450
360,627
360,460
361,444
361,722
361,274
361,940
361,43
361,79
361,802
361,80
362,491
362,81
362,360
362,762
362,585
362,887
362,660
362,208
363,594
363,516
363,848
363,483
363,885
363,266
363,429
363,54
364,421
364,982
364,861
364,952
364,561
364,166
364,925
364,953
365,369
365,433
365,970
365,534
365,439
365,527
365,398
365,537
366,174
366,82
366,511
366,816
366,881
366,783
366,400
366,91
367,294
367,518
367,287
367,923
367,825
367,597
367,829
367,266
368,79
368,880
368,369
368,802
368,537
368,457
368,567
368,742
369,733
369,370
369,976
369,881
369,312
369,348
369,387
369,371
370,26
370,698
370,429
370,513
370,23
370,983
370,54
370,892
371,255
371,492
371,802
371,399
371,433
371,831
371,257
371,562
372,213
372,327
372,865
372,26
372,191
372,162
372,932
372,547
373,719
373,869
373,25
373,911
373,218
373,209
373,71
373,546
374,977
374,43
374,950
374,585
374,653
374,802
374,971
374,133
375,85
375,861
375,966
375,957
375,677
375,883
375,128
375,389
376,486
376,733
376,358
376,783
376,306
376,724
376,461
376,528
377,195
377,87
377,677
377,250
377,953
377,291
377,680
377,861
378,343
378,391
378,536
378,152
378,122
378,810
378,552
379,310
379,181
379,179
379,967
379,772
379,276
379,311
379,319
380,890
380,581
380,290
380,197
380,533
380,86
380,389
380,128
381,525
381,790
381,393
381,704
381,511
381,348
381,94
382,774
382,559
382,568
382,94
382,161
382,652
382,815
382,358
383,832
383,356
383,972
383,191
383,779
383,933
383,185
383,757
384,678
384,160
384,3
384,893
384,394
384,180
384,121
384,679
385,658
385,29
385,35
385,389
385,581
385,668
385,750
385,391
386,121
386,181
386,118
386,170
386,517
386,573
386,947
386,3
387,88
387,90
387,15
387,941
387,544
387,998
387,338
387,113
388,758
388,13
388,939
388,513
388,594
388,943
388,50
388,638
389,977
389,267
389,493
389,992
389,537
389,970
389,550
389,192
390,389
390,854
390,980
390,38
390,873
390,501
390,236
390,154
391,564
391,766
391,571
391,38
391,221
391,593
391,35
392,3
392,179
392,569
392,729
392,279
392,998
392,813
392,628
393,966
393,345
393,436
393,87
393,38
393,533
393,635
393,182
394,377
394,110
394,612
394,252
394,277
394,632
394,287
394,44
395,440
395,13
395,690
395,928
395,327
395,787
395,198
395,332
396,276
396,115
396,532
396,1
396,33
396,390
396,88
397,433
397,567
397,619
397,300
397,412
397,295
397,530
397,802
398,977
398,802
398,433
398,550
398,57
398,950
398,43
399,19
399,620
399,690
399,284
399,632
399,23
399,829
399,266
400,257
400,491
400,447
400,563
400,828
400,562
400,451
400,742
401,88
401,261
401,625
401,985
401,723
401,573
401,657
402,977
402,398
402,828
402,823
402,537
402,202
402,133
402,891
403,733
403,559
403,510
403,306
403,881
403,161
403,326
403,528
404,518
404,825
404,301
404,943
404,634
404,902
404,266
404,664
405,921
405,127
405,961
405,637
405,390
405,114
405,115
405,587
406,518
406,999
406,13
406,597
406,699
406,464
406,604
406,171
407,518
407,26
407,597
407,198
407,468
407,158
407,241
407,912
408,266
408,48
408,594
408,923
408,604
408,855
408,59
408,251
409,356
409,793
409,256
409,333
409,987
409,732
409,303
409,198
410,301
410,328
410,266
410,832
410,939
410,23
410,670
410,604
411,87
411,727
411,197
411,927
411,919
411,436
411,738
412,890
412,470
412,935
412,436
412,345
412,38
412,18
412,501
413,266
413,20
413,832
413,812
413,303
413,570
413,926
413,944
414,43
414,45
414,435
414,102
414,802
414,940
414,977
415,19
415,773
415,620
415,477
415,464
415,640
415,629
415,277
416,13
416,213
416,277
416,620
416,905
416,800
416,565
416,739
417,30
417,660
417,491
417,567
417,537
417,946
417,716
417,492
418,212
418,230
418,505
418,238
418,236
418,136
418,997
418,957
419,674
419,874
419,533
419,602
419,291
419,616
419,421
419,334
420,508
420,993
420,568
420,416
420,222
420,673
420,899
420,196
421,76
421,196
421,94
421,652
421,387
421,508
421,929
421,817
422,213
422,758
422,26
422,594
422,547
422,241
422,297
422,776
423,345
423,152
423,343
423,633
423,470
423,197
423,436
423,308
424,525
424,603
424,872
424,733
424,0
424,741
424,696
424,260
425,926
425,494
425,163
425,855
425,662
425,162
425,191
425,442
426,615
426,545
426,438
426,205
426,135
426,641
426,11
426,821
427,87
427,236
427,345
427,847
427,436
427,455
427,651
427,627
428,670
428,983
428,214
428,787
428,634
428,442
428,979
429,638
429,634
429,347
429,253
429,266
429,848
429,206
430,426
430,577
430,365
430,526
430,378
430,953
430,710
430,627
431,950
431,444
431,977
431,493
431,802
431,756
431,585
432,82
432,296
432,897
432,77
432,371
432,969
432,673
432,381
433,363
433,92
433,323
433,7
433,196
433,371
433,466
433,293
434,846
434,555
434,365
434,750
434,533
434,997
434,156
434,61
435,743
435,917
435,363
435,783
435,554
435,463
435,877
435,803
436,729
436,941
436,113
436,37
436,967
436,34
436,53
436,78
437,921
437,438
437,908
437,114
437,514
437,618
437,270
437,97
438,13
438,836
438,788
438,689
438,442
438,912
438,158
438,482
439,650
439,597
439,513
439,110
439,981
439,698
439,667
439,299
440,274
440,190
440,780
440,537
440,959
440,823
440,324
440,43
441,980
441,55
441,555
441,708
441,112
441,750
441,197
441,166
442,777
442,393
442,528
442,598
442,165
442,929
442,931
442,153
443,866
443,270
443,904
443,695
443,573
443,623
443,65
443,34
444,528
444,82
444,783
444,222
444,976
444,741
444,584
444,733
445,830
445,38
445,738
445,87
445,963
445,766
445,203
445,980
446,957
446,736
446,389
446,104
446,421
446,710
446,536
446,677
447,867
447,343
447,139
447,651
447,106
447,378
447,713
447,861
448,355
448,549
448,735
448,180
448,338
448,179
448,546
448,6
449,391
449,571
449,87
449,564
449,195
449,334
449,325
449,221
450,156
450,144
450,203
450,658
450,873
450,738
450,112
451,966
451,343
451,792
451,633
451,365
451,21
451,70
451,533
452,191
452,865
452,185
452,932
452,565
452,706
452,570
452,336
453,140
453,266
453,885
453,699
453,923
453,580
453,278
453,23
454,15
454,625
454,569
454,623
454,179
454,346
454,695
454,636
455,628
455,947
455,285
455,90
455,549
455,338
455,695
455,985
456,152
456,536
456,852
456,460
456,708
456,344
456,957
456,577
457,733
457,783
457,358
457,815
457,673
457,371
457,936
457,326
458,87
458,411
458,658
458,5
458,325
458,867
458,564
458,152
459,927
459,956
459,538
459,354
459,561
459,465
459,792
459,593
460,401
460,637
460,746
460,170
460,88
460,390
460,34
460,509
461,631
461,683
461,73
461,492
461,376
461,56
461,986
461,887
462,35
462,627
462,436
462,766
462,710
462,166
462,197
462,688
463,37
463,569
463,390
463,383
463,276
463,719
463,84
463,72
464,50
464,214
464,188
464,307
464,788
464,689
464,608
465,180
465,71
465,864
465,292
465,921
465,114
465,532
465,270
466,975
466,615
466,404
466,127
466,666
466,342
466,641
466,679
467,729
467,394
467,898
467,909
467,695
467,350
467,469
467,821
468,332
468,876
468,513
468,662
468,882
468,19
468,23
469,928
469,266
469,547
469,252
469,776
469,570
469,214
469,464
470,500
470,921
470,544
470,637
470,715
470,170
470,218
470,173
471,288
471,201
471,891
471,410
471,752
471,669
471,41
472,556
472,491
472,841
472,839
472,875
472,444
472,714
472,457
473,154
473,750
473,980
473,38
473,176
473,738
473,203
473,55
474,239
474,323
474,302
474,306
474,889
474,77
474,675
474,371
475,223
475,82
475,929
475,870
475,387
475,94
475,696
475,434
476,957
476,738
476,290
476,38
476,87
476,176
476,436
477,974
477,442
477,916
477,579
477,640
477,787
477,50
478,611
478,902
478,620
478,521
478,215
478,829
478,518
478,351
479,542
479,471
479,407
479,891
479,744
479,802
479,101
479,771
480,892
480,882
480,844
480,428
480,662
480,787
480,900
480,822
481,522
481,598
481,235
481,751
481,177
481,783
481,515
482,507
482,975
482,53
482,37
482,514
482,666
482,583
482,908
483,980
483,55
483,365
483,21
483,352
483,212
483,195
483,533
484,436
484,132
484,365
484,633
484,291
484,740
484,455
484,106
485,41
485,859
485,562
485,471
485,504
485,49
485,329
485,433
486,38
486,18
486,713
486,561
486,501
486,571
486,465
486,55
487,569
487,514
487,532
487,746
487,918
487,170
487,65
488,34
488,514
488,623
488,146
488,186
488,318
488,276
488,270
489,266
489,488
489,793
489,996
489,726
489,634
489,629
489,905
490,29
490,228
490,873
490,748
490,856
490,982
490,668
490,337
491,867
491,957
491,87
491,677
491,736
491,460
491,635
491,38
492,733
492,929
492,165
492,387
492,598
492,92
492,371
492,508
493,528
493,358
493,393
493,879
493,82
493,881
493,789
493,229
494,723
494,88
494,261
494,425
494,849
494,985
494,618
494,160
495,932
495,191
495,620
495,336
495,50
495,734
495,979
495,454
496,598
496,229
496,385
496,675
496,531
496,969
496,309
496,306
497,191
497,13
497,865
497,519
497,697
497,855
497,162
497,699
498,357
498,431
498,457
498,190
498,989
498,802
498,756
498,300
499,625
499,549
499,10
499,123
499,396
499,910
499,6
499,679
500,760
500,423
500,824
500,619
500,722
500,264
500,955
500,324
501,955
501,444
501,57
501,537
501,80
501,398
501,722
501,542
502,988
502,452
502,985
502,918
502,695
502,532
502,285
503,531
503,7
503,984
503,598
503,789
503,339
503,965
503,877
504,544
504,121
504,72
504,474
504,911
504,453
504,715
504,10
505,861
505,740
505,221
505,997
505,321
505,122
505,343
506,980
506,738
506,359
506,176
506,658
506,766
506,982
506,873
507,226
507,669
507,56
507,613
507,831
507,227
507,562
507,43
508,9
508,802
508,880
508,420
508,489
508,45
508,492
508,449
509,141
509,825
509,812
509,878
509,307
509,634
509,287
509,351
510,465
510,38
510,577
510,536
510,112
510,680
510,470
510,152
511,197
511,956
511,166
511,658
511,132
511,421
511,555
511,426
512,389
512,856
512,913
512,29
512,980
512,560
512,966
512,581
513,50
513,983
513,638
513,855
513,482
513,640
513,604
514,598
514,528
514,235
514,508
514,531
514,783
514,94
514,189
515,126
515,656
515,41
515,828
515,412
515,257
515,654
515,267
516,594
516,848
516,939
516,213
516,496
516,632
516,907
517,934
517,559
517,598
517,374
517,770
517,92
517,386
517,965
518,404
518,135
518,517
518,366
518,893
518,123
518,503
518,15
519,393
519,82
519,385
519,309
519,934
519,94
519,381
519,161
520,862
520,716
520,744
520,9
520,802
520,730
520,771
520,234
521,573
521,446
521,679
521,700
521,625
521,121
521,657
521,636
522,481
522,598
522,751
522,235
522,263
522,348
522,177
523,662
523,518
523,902
523,844
523,611
523,327
523,812
523,297
524,533
524,633
524,861
524,132
524,182
524,505
524,334
524,713
525,842
525,301
525,183
525,266
525,570
525,848
525,664
525,100
526,497
526,528
526,184
526,995
526,430
526,161
526,91
526,60
527,38
527,87
527,154
527,365
527,980
527,460
527,112
527,105
528,274
528,444
528,43
528,493
528,722
528,992
528,353
528,802
529,873
529,713
529,139
529,18
529,345
529,290
529,847
529,536
530,941
530,545
530,33
530,964
530,605
530,641
530,390
530,715
531,265
531,49
531,986
531,237
531,686
531,102
531,841
531,802
532,11
532,71
532,587
532,715
532,502
532,625
532,317
533,524
533,662
533,442
533,419
533,162
533,926
533,905
533,855
534,483
534,241
534,297
534,26
534,191
534,773
534,812
534,787
535,146
535,270
535,623
535,27
535,169
535,218
535,262
535,317
536,502
536,11
536,625
536,131
536,97
536,1
536,503
536,679
537,120
537,264
537,80
537,880
537,548
537,451
537,457
538,598
538,387
538,374
538,463
538,522
538,480
538,177
538,595
539,303
539,159
539,19
539,251
539,580
539,701
539,779
540,49
540,433
540,940
540,601
540,202
540,823
540,558
540,756
541,622
541,738
541,337
541,740
541,980
541,112
541,982
541,436
542,981
542,163
542,50
542,776
542,521
542,620
542,632
542,608
543,7
543,393
543,931
543,94
543,917
543,194
543,709
543,598
544,144
544,873
544,87
544,470
544,852
544,609
544,867
544,711
545,438
545,135
545,641
545,904
545,108
545,893
545,270
546,332
546,54
546,690
546,513
546,214
546,429
546,483
546,382
547,601
547,324
547,103
547,841
547,797
547,891
547,716
547,937
548,537
548,716
548,828
548,601
548,451
548,187
548,631
549,43
549,459
549,324
549,802
549,80
549,562
549,558
549,940
550,22
550,170
550,350
550,15
550,179
550,173
550,366
550,452
551,856
551,533
551,674
551,523
551,901
551,708
551,711
551,152
552,944
552,356
552,251
552,718
552,779
552,594
552,638
552,825
553,336
553,193
553,902
553,747
553,20
553,788
553,405
553,50
554,60
554,817
554,930
554,528
554,463
554,914
554,684
555,309
555,790
555,94
555,434
555,528
555,958
555,774
555,511
556,209
556,472
556,6
556,948
556,618
556,88
556,700
556,661
557,539
557,807
557,620
557,280
557,159
557,739
557,351
557,547
558,685
558,695
558,918
558,753
558,549
558,647
558,10
558,583
559,621
559,578
559,598
559,687
559,395
559,177
559,553
560,321
560,505
560,389
560,791
560,708
560,197
560,627
561,270
561,97
561,84
561,474
561,864
561,108
561,947
561,209
562,661
562,723
562,625
562,469
562,317
562,474
562,849
562,657
563,797
563,617
563,828
563,504
563,823
563,103
563,264
564,733
564,816
564,386
564,323
564,528
564,94
564,312
564,177
565,444
565,887
565,300
565,101
565,946
565,756
565,81
565,493
566,319
566,588
566,383
566,573
566,2
566,961
566,3
566,985
567,783
567,358
567,235
567,914
567,196
567,733
567,508
567,174
568,919
568,854
568,391
568,766
568,980
568,106
568,571
568,38
569,150
569,224
569,968
569,920
569,463
569,743
569,808
569,248
570,502
570,88
570,317
570,975
570,719
570,424
570,285
570,469
571,77
571,312
571,965
571,82
571,816
571,879
571,184
571,917
572,57
572,802
572,558
572,101
572,357
572,492
572,986
572,841
573,521
573,442
573,464
573,689
573,611
573,757
573,347
573,640
574,433
574,955
574,187
574,631
574,802
574,986
574,601
574,408
575,433
575,906
575,367
575,802
575,80
575,435
575,543
576,356
576,670
576,23
576,594
576,837
576,807
576,773
576,829
577,270
577,909
577,975
577,209
577,623
577,587
577,317
577,625
578,113
578,618
578,276
578,849
578,160
578,642
578,338
578,355
579,760
579,204
579,43
579,535
579,824
579,116
579,730
579,246
580,227
580,43
580,492
580,760
580,940
580,824
580,210
580,414
581,460
581,616
581,87
581,635
581,574
581,365
581,658
582,640
582,134
582,48
582,926
582,44
582,513
582,477
582,356
583,391
583,501
583,571
583,854
583,766
583,651
583,738
583,830
584,220
584,597
584,638
584,518
584,297
584,141
584,664
584,429
585,38
585,966
585,536
585,957
585,593
585,577
585,290
585,460
586,873
586,952
586,982
586,600
586,713
586,677
586,854
586,533
587,640
587,513
587,356
587,855
587,634
587,216
587,664
587,277
588,190
588,887
588,671
588,566
588,755
588,457
588,444
588,79
589,761
589,94
589,386
589,803
589,395
589,393
589,621
589,775
590,387
590,370
590,512
590,598
590,95
590,675
590,286
591,884
591,197
591,505
591,478
591,38
591,658
591,536
591,85
592,943
592,703
592,706
592,213
592,253
592,521
592,456
592,800
593,675
593,138
593,229
593,598
593,94
593,984
593,681
593,386
594,598
594,889
594,466
594,761
594,363
594,92
594,196
594,77
595,429
595,307
595,768
595,23
595,764
595,347
595,464
595,163
596,33
596,821
596,11
596,404
596,97
596,285
596,88
597,38
597,87
597,997
597,436
597,365
597,142
597,728
597,122
598,774
598,675
598,480
598,508
598,775
598,235
598,934
599,354
599,957
599,852
599,593
599,571
599,606
599,238
599,738
600,585
600,828
600,74
600,716
600,300
600,116
600,459
600,880
601,562
601,891
601,451
601,103
601,407
601,716
601,192
602,965
602,554
602,598
602,92
602,553
602,709
602,681
602,751
603,24
603,650
603,456
603,855
603,110
603,13
603,297
603,20
604,967
604,53
604,517
604,135
604,507
604,342
604,661
604,586
605,512
605,704
605,381
605,393
605,598
605,480
605,931
605,374
606,291
606,238
606,345
606,378
606,852
606,139
606,925
607,569
607,702
607,113
607,180
607,90
607,335
607,772
607,544
608,470
608,607
608,87
608,635
608,455
608,70
608,67
608,352
609,253
609,158
609,188
609,570
609,747
609,48
609,768
609,886
610,912
610,519
610,987
610,8
610,441
610,855
610,198
611,738
611,478
611,740
611,5
611,861
611,810
611,378
611,391
612,808
612,806
612,559
612,263
612,646
612,965
612,91
612,130
613,562
613,447
613,962
613,693
613,423
613,226
613,264
614,675
614,879
614,371
614,229
614,790
614,448
614,877
614,684
615,576
615,108
615,276
615,910
615,97
615,404
615,123
616,537
616,826
616,880
616,126
616,903
616,80
616,451
616,950
617,792
617,786
617,325
617,874
617,750
617,651
617,609
617,766
618,111
618,297
618,781
618,158
618,611
618,836
618,494
618,191
619,218
619,397
619,500
619,53
619,349
619,289
619,170
619,78
620,883
620,713
620,861
620,538
620,67
620,738
620,337
620,38
621,306
621,559
621,302
621,815
621,782
621,184
621,803
622,541
622,862
622,73
622,828
622,537
622,802
622,492
622,399
623,488
623,284
623,902
623,266
623,162
623,214
623,477
623,776
624,381
624,211
624,731
624,995
624,184
624,672
624,704
624,551
625,562
625,187
625,444
625,891
625,433
625,613
625,802
625,977
626,308
626,536
626,997
626,228
626,139
626,86
626,505
626,378
627,970
627,492
627,752
627,534
627,760
627,367
627,226
627,264
628,993
628,733
628,681
628,463
628,559
628,920
628,387
628,508
629,728
629,571
629,238
629,852
629,228
629,810
629,29
629,391
630,745
630,144
630,391
630,982
630,980
630,501
630,867
630,616
631,594
631,787
631,252
631,987
631,732
631,266
631,923
631,483
632,17
632,180
632,350
632,394
632,311
632,179
632,34
632,292
633,524
633,26
633,822
633,882
633,892
633,547
633,488
633,277
634,594
634,266
634,812
634,485
634,23
634,54
634,758
635,323
635,393
635,231
635,914
635,782
635,743
635,783
635,936
636,23
636,50
636,521
636,943
636,429
636,307
636,597
636,640
637,778
637,905
637,216
637,832
637,110
637,405
637,972
637,141
638,804
638,980
638,38
638,593
638,436
638,827
638,290
638,112
639,111
639,440
639,442
639,215
639,788
639,134
639,356
639,689
640,891
640,398
640,288
640,797
640,49
640,208
640,959
640,973
641,211
641,704
641,381
641,687
641,371
641,263
641,751
641,761
642,110
642,332
642,905
642,612
642,253
642,134
642,620
642,640
643,978
643,949
643,121
643,446
643,569
643,37
643,319
644,161
644,286
644,520
644,965
644,783
644,709
644,931
644,393
645,422
645,267
645,826
645,970
645,330
645,435
645,246
646,647
646,978
646,145
646,719
646,661
646,967
646,819
646,205
647,802
647,423
647,414
647,558
647,45
647,380
647,300
647,57
648,264
648,57
648,962
648,851
648,435
648,187
648,433
649,69
649,861
649,291
649,740
649,505
649,884
649,228
649,203
650,698
650,110
650,670
650,301
650,251
650,24
650,855
651,528
651,881
651,899
651,785
651,917
651,177
651,381
651,222
652,939
652,356
652,332
652,855
652,253
652,361
652,13
652,110
653,624
653,285
653,947
653,279
653,218
653,517
653,64
653,131
654,508
654,358
654,40
654,480
654,914
654,0
654,871
654,161
655,238
655,460
655,873
655,337
655,29
655,606
655,228
656,713
656,861
656,96
656,677
656,748
656,18
656,465
656,501
657,790
657,881
657,371
657,296
657,684
657,877
657,196
657,817
658,197
658,738
658,144
658,479
658,436
658,564
658,957
659,309
659,161
659,709
659,681
659,508
659,393
659,568
659,815
660,656
660,592
660,542
660,714
660,537
660,376
660,937
661,905
661,216
661,294
661,134
661,442
661,926
661,882
661,662
662,523
662,856
662,901
662,345
662,533
662,674
662,997
662,555
663,518
663,737
663,225
663,718
663,141
663,287
663,468
663,825
664,331
664,598
664,508
664,463
664,92
664,803
664,704
664,229
665,836
665,604
665,50
665,519
665,303
665,987
665,855
665,926
666,389
666,913
666,236
666,854
666,291
666,602
666,873
666,212
667,972
667,513
667,356
667,981
667,996
667,604
667,405
668,45
668,946
668,384
668,43
668,802
668,693
668,492
668,992
669,7
669,95
669,174
669,497
669,16
669,387
669,872
669,709
670,45
670,199
670,833
670,116
670,43
670,529
670,760
670,410
671,197
671,766
671,745
671,365
671,87
671,847
671,555
671,963
672,44
672,928
672,539
672,50
672,198
672,159
672,579
672,13
673,601
673,103
673,562
673,891
673,504
673,447
673,420
673,79
674,161
674,551
674,358
674,681
674,814
674,528
674,165
674,393
675,108
675,576
675,614
675,661
675,169
675,10
675,186
675,355
676,190
676,730
676,566
676,992
676,977
676,875
676,543
676,780
677,150
677,165
677,235
677,783
677,358
677,598
677,196
677,281
678,516
678,251
678,939
678,594
678,987
678,747
678,698
678,670
679,196
679,621
679,899
679,598
679,302
679,993
679,306
679,229
680,2
680,180
680,34
680,22
680,276
680,490
680,514
680,397
681,270
681,998
681,121
681,921
681,719
681,588
681,618
681,947
682,921
682,975
682,796
682,78
682,637
682,941
682,821
683,841
683,631
683,887
683,57
683,56
683,73
683,412
684,111
684,907
684,547
684,36
684,634
684,63
684,793
684,50
685,549
685,249
685,469
685,893
685,723
685,695
685,583
686,239
686,531
686,528
686,60
686,77
686,306
686,968
686,466
687,892
687,216
687,928
687,547
687,134
687,640
687,198
687,999
688,43
688,274
688,255
688,802
688,101
688,755
688,537
688,493
689,277
689,640
689,307
689,464
689,134
689,664
689,252
690,121
690,546
690,921
690,715
690,249
690,998
690,588
690,33
691,156
691,426
691,308
691,230
691,195
691,128
691,919
691,710
692,387
692,385
692,814
692,326
692,370
692,598
692,584
693,526
693,378
693,873
693,345
693,122
693,708
693,674
693,221
694,911
694,401
694,270
694,618
694,625
694,121
694,72
694,317
695,558
695,802
695,324
695,784
695,103
695,859
695,495
695,601
696,84
696,864
696,88
696,821
696,702
696,765
696,546
696,918
697,197
697,854
697,421
697,957
697,61
697,873
697,600
697,919
698,418
698,906
698,439
698,369
698,543
698,529
698,542
698,295
699,750
699,538
699,406
699,139
699,197
699,308
699,658
699,436
700,521
700,620
700,496
700,776
700,456
700,597
700,943
700,629
701,423
701,797
701,940
701,314
701,66
701,991
701,414
701,759
702,607
702,688
702,197
702,470
702,365
702,847
702,321
702,389
703,873
703,536
703,290
703,609
703,139
703,677
703,966
703,86
704,530
704,971
704,492
704,407
704,529
704,887
704,56
704,367
705,334
705,197
705,195
705,61
705,152
705,854
705,721
705,956
706,452
706,821
706,305
706,502
706,338
706,179
706,618
706,217
707,675
707,595
707,371
707,77
707,889
707,286
707,448
707,591
708,346
708,179
708,623
708,625
708,247
708,270
708,72
708,209
709,394
709,272
709,217
709,729
709,719
709,657
709,305
709,490
710,93
710,44
710,597
710,519
710,259
710,188
710,13
710,277
711,80
711,444
711,475
711,537
711,887
711,492
711,971
711,43
712,82
712,733
712,76
712,331
712,806
712,387
712,242
713,186
713,586
713,292
713,474
713,34
713,866
713,910
713,17
714,724
714,598
714,286
714,968
714,339
714,393
714,77
714,155
715,522
715,598
715,761
715,381
715,263
715,393
715,870
715,189
716,191
716,836
716,252
716,185
716,781
716,519
716,547
716,93
717,276
717,644
717,458
717,346
717,33
717,596
717,618
717,88
718,405
718,110
718,900
718,612
718,858
718,13
718,185
719,278
719,347
719,570
719,832
719,844
719,640
719,301
719,253
720,542
720,760
720,435
720,300
720,74
720,887
720,970
720,45
721,50
721,519
721,185
721,225
721,24
721,158
721,697
721,253
722,955
722,43
722,57
722,619
722,585
722,295
722,845
723,562
723,187
723,802
723,716
723,202
723,79
723,409
723,444
724,456
724,981
724,855
724,356
724,347
724,521
724,632
724,287
725,131
725,218
725,615
725,647
725,285
725,866
725,169
725,342
726,839
726,716
726,977
726,868
726,780
726,489
726,730
726,492
727,58
727,169
727,276
727,625
727,514
727,682
727,146
727,947
728,852
728,38
728,85
728,69
728,952
728,925
728,856
729,464
729,900
729,928
729,188
729,829
729,739
729,518
729,632
730,190
730,891
730,492
730,937
730,288
730,971
730,839
731,557
731,29
731,874
731,560
731,87
731,38
731,291
731,505
732,545
732,641
732,276
732,168
732,342
732,186
732,469
732,135
733,336
733,638
733,718
733,356
733,836
733,912
733,572
733,50
734,666
734,179
734,514
734,270
734,866
734,623
734,474
734,318
735,751
735,263
735,223
735,448
735,995
735,172
735,374
735,184
736,872
736,881
736,371
736,229
736,993
736,196
736,528
736,704
737,55
737,963
737,593
737,863
737,980
737,925
737,391
737,564
738,980
738,607
738,203
738,982
738,144
738,957
738,658
739,140
739,579
739,916
739,632
739,822
739,757
739,13
740,492
740,433
740,880
740,802
740,541
740,467
740,210
740,795
741,708
741,658
741,236
741,426
741,152
741,389
741,197
741,269
742,969
742,958
742,323
742,976
742,914
742,984
742,296
742,52
743,196
743,235
743,914
743,177
743,899
743,512
743,263
744,160
744,947
744,849
744,921
744,394
744,118
744,121
744,618
745,57
745,671
745,537
745,190
745,946
745,937
745,475
745,959
746,877
746,741
746,40
746,965
746,60
746,528
746,899
746,783
747,606
747,792
747,5
747,901
747,325
747,212
747,874
747,966
748,269
748,228
748,139
748,436
748,501
748,873
748,18
749,667
749,356
749,773
749,933
749,241
749,579
749,916
749,739
750,286
750,528
750,930
750,770
750,94
750,879
750,370
750,934
751,513
751,580
751,981
751,240
751,23
751,664
751,634
751,698
752,471
752,422
752,760
752,492
752,324
752,970
752,43
753,323
753,934
753,675
753,320
753,130
753,553
753,889
753,806
754,962
754,226
754,264
754,613
754,504
754,601
754,257
754,828
755,861
755,505
755,674
755,109
755,750
755,465
755,856
755,533
756,123
756,115
756,679
756,849
756,469
756,625
756,11
756,964
757,881
757,914
757,358
757,681
757,733
757,798
757,293
757,248
758,14
758,634
758,23
758,594
758,620
758,734
758,441
759,827
759,152
759,602
759,873
759,212
759,536
759,954
759,421
760,197
760,195
760,345
760,152
760,873
760,389
760,526
760,953
761,43
761,529
761,563
761,475
761,459
761,831
761,955
761,760
762,547
762,362
762,266
762,611
762,539
762,19
762,191
762,928
763,513
763,855
763,664
763,100
763,50
763,983
763,640
764,646
764,248
764,263
764,363
764,595
764,211
764,286
764,372
765,954
765,804
765,203
765,389
765,552
765,152
765,38
765,271
766,802
766,744
766,826
766,219
766,41
766,671
766,977
766,313
767,919
767,854
767,738
767,122
767,564
767,67
767,873
767,144
768,123
768,685
768,129
768,835
768,964
768,180
768,390
768,22
769,331
769,172
769,598
769,174
769,374
769,387
769,82
769,306
770,183
770,604
770,266
770,513
770,699
770,999
770,13
770,482
771,190
771,449
771,126
771,101
771,384
771,744
771,9
772,226
772,558
772,43
772,199
772,353
772,585
772,459
772,529
773,235
773,673
773,323
773,296
773,749
773,92
773,138
773,914
774,598
774,508
774,480
774,965
774,860
774,929
774,775
775,598
775,782
775,774
775,94
775,777
775,387
775,82
776,469
776,6
776,657
776,180
776,618
776,88
776,623
776,546
777,598
777,775
777,92
777,302
777,499
777,239
777,917
778,393
778,248
778,94
778,381
778,881
778,484
778,82
778,914
779,822
779,916
779,303
779,825
779,882
779,664
779,356
780,32
780,953
780,31
780,156
780,957
780,680
780,152
780,426
781,252
781,611
781,547
781,912
781,570
781,93
781,198
782,738
782,389
782,55
782,668
782,980
782,982
782,144
782,321
783,38
783,291
783,87
783,69
783,152
783,805
783,436
783,18
784,695
784,169
784,918
784,605
784,346
784,404
784,904
784,115
785,79
785,243
785,264
785,891
785,973
785,357
785,420
785,562
786,168
786,947
786,618
786,988
786,270
786,985
786,114
786,179
787,828
787,631
787,43
787,116
787,190
787,756
787,566
787,9
788,536
788,426
788,244
788,479
788,966
788,750
788,564
788,919
789,43
789,493
789,237
789,626
789,529
789,759
789,942
789,802
790,657
790,285
790,898
790,124
790,217
790,918
790,615
790,78
791,790
791,860
791,320
791,673
791,306
791,302
791,430
791,381
792,50
792,253
792,159
792,252
792,143
792,336
792,632
792,299
793,647
793,366
793,146
793,342
793,247
793,623
793,679
793,469
794,671
794,946
794,324
794,190
794,423
794,744
794,492
794,530
795,307
795,297
795,185
795,333
795,781
795,979
795,429
795,403
796,270
796,170
796,911
796,272
796,921
796,366
796,765
797,985
797,366
797,587
797,170
797,310
797,34
797,114
797,218
798,980
798,38
798,291
798,476
798,69
798,112
798,738
798,953
799,436
799,616
799,365
799,87
799,533
799,740
799,12
799,635
800,545
800,532
800,71
800,452
800,904
800,180
800,753
800,88
801,502
801,179
801,695
801,532
801,988
801,618
801,961
801,249
802,266
802,664
802,464
802,111
802,570
802,50
802,193
802,336
803,905
803,594
803,983
803,855
803,698
803,516
803,54
803,981
804,984
804,958
804,189
804,161
804,816
804,879
804,82
804,817
805,292
805,22
805,180
805,53
805,729
805,78
805,289
805,746
806,404
806,262
806,544
806,642
806,908
806,474
806,123
806,961
807,208
807,660
807,986
807,102
807,410
807,537
807,823
807,831
808,738
808,5
808,501
808,607
808,710
808,203
808,32
808,87
809,598
809,774
809,934
809,306
809,929
809,870
809,815
809,177
810,574
810,21
810,919
810,479
810,738
810,378
810,238
811,444
811,255
811,330
811,439
811,369
811,986
811,407
812,402
812,263
812,515
812,598
812,860
812,235
812,189
812,385
813,144
813,728
813,203
813,571
813,856
813,228
813,607
813,738
814,513
814,50
814,855
814,171
814,287
814,701
814,747
814,690
815,537
815,199
815,986
815,457
815,906
815,527
815,73
815,550
816,825
816,356
816,638
816,301
816,836
816,822
816,159
816,987
817,802
817,45
817,43
817,444
817,316
817,940
817,955
817,408
818,501
818,748
818,980
818,571
818,236
818,873
818,738
818,18
819,389
819,538
819,536
819,766
819,479
819,786
819,913
819,966
820,271
820,538
820,750
820,523
820,505
820,144
820,997
820,128
821,919
821,861
821,67
821,244
821,538
821,966
821,128
821,308
822,779
822,356
822,916
822,287
822,277
822,140
822,825
823,791
823,250
823,337
823,61
823,874
823,31
823,389
823,352
824,977
824,802
824,797
824,41
824,492
824,415
824,433
825,989
825,992
825,529
825,190
825,887
825,367
825,575
825,410
826,429
826,812
826,902
826,297
826,322
826,287
826,518
826,892
827,817
827,681
827,789
827,554
827,416
827,92
827,387
827,984
828,263
828,402
828,150
828,235
828,754
828,512
828,551
828,598
829,296
829,306
829,77
829,673
829,62
829,60
829,95
829,976
830,41
830,543
830,977
830,839
830,950
830,802
830,433
830,826
831,102
831,56
831,412
831,585
831,81
831,887
831,190
832,738
832,980
832,501
832,607
832,957
832,658
832,290
832,38
833,678
833,270
833,911
833,72
833,813
833,964
833,124
833,342
834,604
834,892
834,322
834,699
834,594
834,464
834,842
835,110
835,932
835,284
835,207
835,620
835,747
835,26
835,737
836,426
836,271
836,87
836,708
836,321
836,182
836,980
836,954
837,831
837,409
837,585
837,955
837,946
837,43
837,324
837,81
838,567
838,116
838,550
838,971
838,759
838,422
838,797
839,968
839,231
839,95
839,393
839,7
839,374
839,165
839,725
840,971
840,839
840,49
840,492
840,977
840,433
840,742
840,875
841,137
841,713
841,571
841,391
841,182
841,87
841,727
841,38
842,308
842,674
842,139
842,244
842,523
842,896
842,505
842,740
843,585
843,797
843,955
843,903
843,295
843,9
843,410
844,662
844,225
844,547
844,50
844,768
844,820
844,794
845,859
845,802
845,444
845,942
845,592
845,619
845,722
846,434
846,803
846,931
846,224
846,879
846,385
846,263
846,331
847,707
847,233
847,357
847,887
847,671
847,529
847,542
847,192
848,434
848,387
848,448
848,889
848,363
848,92
848,222
848,525
849,143
849,494
849,336
849,611
849,757
849,44
849,253
849,185
850,873
850,738
850,901
850,139
850,538
850,609
850,533
850,230
851,873
851,606
851,713
851,609
851,195
851,139
851,21
851,867
852,603
852,934
852,598
852,235
852,599
852,138
852,286
852,320
853,123
853,292
853,821
853,840
853,289
853,549
853,637
853,702
854,291
854,501
854,721
854,957
854,616
854,236
854,238
855,514
855,170
855,985
855,179
855,34
855,587
855,276
855,146
856,43
856,868
856,977
856,950
856,267
856,492
856,489
856,802
857,213
857,900
857,912
857,464
857,266
857,829
857,699
857,251
858,110
858,297
858,718
858,878
858,185
858,26
858,829
859,448
859,323
859,917
859,591
859,306
859,416
859,196
859,339
860,34
860,305
860,394
860,6
860,425
860,88
860,146
860,390
861,679
861,685
861,821
861,292
861,549
861,695
861,180
861,949
862,113
862,383
862,849
862,961
862,998
862,78
862,947
862,657
863,963
863,139
863,766
863,740
863,713
863,55
863,112
864,465
864,526
864,561
864,533
864,109
864,577
864,708
864,391
865,393
865,372
865,528
865,94
865,968
865,497
865,161
865,914
866,734
866,539
866,26
866,464
866,620
866,594
866,36
866,834
867,50
867,442
867,336
867,690
867,979
867,928
867,278
867,611
868,654
868,534
868,475
868,802
868,977
868,267
868,43
869,242
869,733
869,52
869,293
869,914
869,76
869,248
869,161
870,997
870,861
870,533
870,884
870,710
870,925
870,365
870,38
871,179
871,623
871,893
871,115
871,298
871,209
871,975
871,318
872,536
872,957
872,736
872,212
872,308
872,577
872,980
872,290
873,529
873,542
873,167
873,760
873,971
873,49
873,851
873,986
874,855
874,225
874,726
874,518
874,50
874,419
874,793
874,157
875,93
875,54
875,697
875,987
875,216
875,185
875,706
875,287
876,56
876,357
876,313
876,449
876,887
876,831
876,959
876,504
877,241
877,440
877,939
877,768
877,983
877,794
877,50
877,698
878,596
878,625
878,679
878,921
878,746
878,2
878,639
878,123
879,385
879,528
879,82
879,434
879,598
879,358
879,675
880,22
880,975
880,438
880,15
880,636
880,11
880,115
880,458
881,274
881,626
881,190
881,493
881,255
881,79
881,444
881,243
882,152
882,555
882,633
882,708
882,963
882,87
882,391
882,856
883,952
883,5
883,738
883,607
883,228
883,67
883,354
884,154
884,109
884,203
884,38
884,710
884,245
884,411
885,673
885,870
885,189
885,371
885,920
885,293
885,860
885,754
886,50
886,158
886,825
886,240
886,855
886,640
886,307
887,311
887,545
887,624
887,180
887,217
887,17
887,88
887,588
888,986
888,683
888,45
888,357
888,233
888,887
888,492
888,631
889,658
889,197
889,46
889,925
889,55
889,144
889,873
889,68
890,907
890,516
890,163
890,496
890,59
890,524
890,794
890,572
891,44
891,611
891,640
891,93
891,547
891,829
891,23
891,779
892,662
892,788
892,842
892,834
892,820
892,322
892,442
893,309
893,525
893,248
893,871
893,94
893,936
893,681
893,508
894,514
894,366
894,209
894,129
894,679
894,34
894,657
894,549
895,410
895,959
895,471
895,862
895,891
895,742
895,274
895,190
896,211
896,161
896,40
896,512
896,263
896,551
896,258
896,497
897,837
897,464
897,907
897,13
897,516
897,732
897,800
897,521
898,969
898,393
898,790
898,879
898,897
898,395
898,976
898,296
899,679
899,123
899,746
899,11
899,131
899,346
899,317
899,10
900,612
900,718
900,405
900,464
900,482
900,50
900,100
901,492
901,43
901,151
901,422
901,226
901,558
901,940
901,631
902,518
902,662
902,496
902,882
902,8
902,193
902,134
903,724
903,77
903,92
903,872
903,165
903,286
903,889
903,358
904,636
904,821
904,88
904,545
904,695
904,746
904,452
905,45
905,433
905,265
905,906
905,562
905,760
905,752
905,986
906,429
906,698
906,905
906,110
906,441
906,158
906,134
906,240
907,229
907,879
907,897
907,528
907,684
907,675
907,817
907,789
908,43
908,449
908,120
908,314
908,420
908,313
908,199
908,369
909,352
909,144
909,577
909,980
909,38
909,536
909,389
909,792
910,969
910,7
910,306
910,177
910,598
910,917
910,595
910,239
911,169
911,719
911,121
911,657
911,909
911,546
911,350
912,975
912,338
912,821
912,90
912,753
912,921
912,618
912,438
913,666
913,170
913,947
913,998
913,921
913,383
913,735
913,3
914,460
914,152
914,87
914,38
914,436
914,291
914,635
914,455
915,729
915,3
915,614
915,115
915,849
915,37
915,34
915,636
916,579
916,356
916,779
916,287
916,477
916,739
916,822
917,952
917,651
917,883
917,571
917,738
917,18
917,291
917,389
918,192
918,79
918,802
918,43
918,471
918,475
918,133
918,558
919,821
919,746
919,2
919,438
919,180
919,292
919,123
919,160
920,25
920,569
920,911
920,37
920,453
920,657
920,121
920,113
921,527
921,567
921,759
921,742
921,190
921,537
921,43
921,376
922,856
922,228
922,533
922,144
922,658
922,708
922,478
922,952
923,266
923,294
923,252
923,773
923,916
923,882
923,788
924,335
924,276
924,319
924,180
924,641
924,146
924,285
925,831
925,887
925,409
925,946
925,415
925,246
925,264
925,567
926,425
926,661
926,317
926,84
926,88
926,179
926,623
926,618
927,464
927,689
927,800
927,307
927,50
927,519
927,213
927,855
928,285
928,947
928,469
928,729
928,1
928,898
928,88
928,131
929,492
929,233
929,475
929,459
929,120
929,43
929,915
929,831
930,585
930,722
930,439
930,126
930,435
930,970
930,955
930,295
931,676
931,393
931,783
931,263
931,965
931,877
931,881
932,94
932,323
932,393
932,484
932,315
932,153
932,372
932,177
933,323
933,968
933,189
933,749
933,172
933,231
933,958
933,296
934,46
934,389
934,12
934,852
934,856
934,230
934,901
934,750
935,307
935,496
935,336
935,519
935,141
935,297
935,664
935,351
936,123
936,394
936,289
936,298
936,893
936,490
936,624
936,78
937,979
937,822
937,50
937,299
937,547
937,287
937,987
937,307
938,524
938,464
938,547
938,809
938,516
938,496
938,594
938,848
939,319
939,990
939,985
939,679
939,113
939,276
939,678
939,180
940,43
940,414
940,802
940,408
940,66
940,373
940,759
941,530
941,831
941,887
941,527
941,880
941,81
941,671
941,439
942,636
942,390
942,147
942,180
942,657
942,355
942,53
942,503
943,387
943,388
943,806
943,754
943,7
943,652
943,969
943,591
944,887
944,56
944,409
944,992
944,631
944,693
944,683
944,116
945,737
945,198
945,916
945,781
945,690
945,518
945,506
945,912
946,274
946,409
946,451
946,369
946,716
946,57
946,802
947,231
947,445
947,323
947,672
947,968
947,374
947,559
947,681
948,88
948,249
948,472
948,661
948,261
948,735
948,114
949,452
949,643
949,160
949,180
949,685
949,113
949,998
950,598
950,374
950,229
950,508
950,751
950,480
950,92
950,95
951,998
951,6
951,615
951,679
951,72
951,469
951,355
951,546
952,503
952,586
952,27
952,625
952,735
952,746
952,175
952,366
953,619
953,780
953,760
953,493
953,653
953,875
953,73
953,992
954,681
954,733
954,161
954,165
954,528
954,508
954,94
954,387
955,722
955,43
955,187
955,756
955,57
955,585
955,295
956,180
956,33
956,678
956,679
956,17
956,22
956,175
956,605
957,546
957,500
957,170
957,27
957,317
957,88
957,573
957,625
958,718
958,163
958,297
958,405
958,278
958,347
958,332
958,882
959,209
959,25
959,121
959,338
959,947
959,911
959,218
959,298
960,272
960,173
960,3
960,261
960,918
960,723
960,657
960,546
961,631
961,862
961,43
961,102
961,567
961,802
961,566
961,744
962,754
962,381
962,968
962,161
962,4
962,681
962,320
962,790
963,860
963,559
963,673
963,774
963,515
963,445
963,872
963,177
964,746
964,637
964,123
964,647
964,390
964,2
964,173
965,802
965,410
965,133
965,771
965,760
965,202
965,201
965,613
966,393
966,598
966,231
966,712
966,993
966,675
966,871
966,196
967,641
967,998
967,145
967,964
967,342
967,490
967,637
968,38
968,87
968,727
968,925
968,465
968,70
968,792
968,455
969,521
969,807
969,307
969,597
969,496
969,855
969,280
969,278
970,53
970,702
970,88
970,462
970,924
970,135
970,618
970,641
971,201
971,542
971,471
971,492
971,730
971,828
971,977
972,839
972,742
972,955
972,43
972,414
972,475
972,946
972,585
973,266
973,640
973,299
973,347
973,597
973,521
973,253
973,50
974,477
974,939
974,464
974,916
974,171
974,44
974,198
975,587
975,298
975,682
975,127
975,625
975,218
975,719
976,444
976,255
976,887
976,986
976,369
976,802
976,760
976,742
977,664
977,297
977,634
977,640
977,855
977,157
977,216
977,812
978,187
978,977
978,716
978,74
978,802
978,824
978,57
978,841
979,50
979,611
979,214
979,259
979,336
979,163
979,734
980,33
980,546
980,911
980,869
980,647
980,146
980,390
980,25
981,77
981,761
981,286
981,598
981,724
981,40
981,751
981,803
982,738
982,501
982,291
982,337
982,854
982,391
982,957
983,957
983,144
983,980
983,738
983,846
983,230
983,602
983,391
984,503
984,390
984,625
984,715
984,615
984,910
984,15
984,546
985,176
985,325
985,291
985,67
985,69
985,957
985,738
985,152
986,888
986,22
986,180
986,910
986,145
986,746
986,503
986,390
987,281
987,598
987,302
987,951
987,92
987,511
987,879
987,448
988,901
988,139
988,873
988,861
988,786
988,107
988,635
988,801
989,170
989,1
989,641
989,34
989,509
989,427
989,615
989,346
990,939
990,24
990,214
990,361
990,570
990,768
990,612
990,506
991,914
991,512
991,508
991,235
991,161
991,783
991,958
991,934
992,179
992,618
992,438
992,276
992,319
992,765
992,644
992,170
993,212
993,221
993,966
993,291
993,861
993,980
993,957
993,136
994,638
994,278
994,620
994,347
994,477
994,240
994,974
995,211
995,184
995,673
995,448
995,95
995,388
995,293
996,186
996,209
996,17
996,114
996,947
996,270
996,218
996,623
997,122
997,533
997,505
997,308
997,919
997,67
997,195
998,150
998,681
998,371
998,951
998,395
998,387
998,889
998,248
999,367
999,826
999,562
999,744
999,802
999,535
999,862
999,631
